{"cameraMode":{"drawMode":0,"name":"Shaded","section":"Shading Mode"},"sceneLighting":true,"audioPlay":false,"sceneViewState":{"showFog":true,"showMaterialUpdate":false,"showSkybox":true,"showFlares":true,"showImageEffects":true,"showParticleSystems":true},"in2DMode":false,"pivot":{"x":-2.8499999046325685,"y":1.159999966621399,"z":-10.0},"rotation":{"x":-0.10764045268297196,"y":0.09142766892910004,"z":-0.00994138978421688,"w":-0.989927351474762},"size":47.54741668701172,"orthographic":false}